mu;dm;l;nmp;df;clutch;k;system;patch;imprint;numgen;seed;q;nfp;runtime;sdmu;generation;meanaf;varaf;meanam;varam;nsurvf;nsurvm;ram;file
0.01;0;0.5;2;1;200;0.333333;haplodiploid;1000;offspring;20000;874843141;1;2;1472654840;0.02;19997.0;2.314994;0.003529632;3.235444;0.001894848;92033.2;91791.6;0.024416;./core_0/sim_sa_sexbias_31_8_2016_154720_859550163
0.01;0;0.5;2;1;200;0.333333;diploid;1000;offspring;20000;600912279;1;2;1472654841;0.02;19997.0;2.28655;0.003153674;2.904038;0.003639298;88562.6;88604.8;0.024404;./core_1/sim_sa_sexbias_31_8_2016_154721_596308503
0.01;0;0.5;2;1;200;0.333333;haplodiploid;1000;madumnal;20000;28562383;1;2;1472654841;0.02;19997.0;2.321892;0.004466152;3.24714;0.001980122;92696.8;92522.0;0.024416;./core_2/sim_sa_sexbias_31_8_2016_154721_16841992
0.01;0;0.5;2;1;200;0.333333;diploid;1000;madumnal;20000;601426490;1;2;1472654841;0.02;19997.0;2.31313;0.002708438;3.18244;0.002196062;91614.0;91613.2;0.024432;./core_3/sim_sa_sexbias_31_8_2016_154721_593864928
0.01;0;0.5;2;1;200;0.333333;haplodiploid;1000;padumnal;20000;28681737;1;2;1472654841;0.02;19997.0;2.296868;0.002320146;3.2161;0.004598526;89598.6;89665.8;0.024436;./core_4/sim_sa_sexbias_31_8_2016_154721_16287916
0.01;0;0.5;2;1;200;0.333333;diploid;1000;padumnal;20000;600983317;1;2;1472654841;0.02;19997.0;2.302624;0.002729476;2.712604;0.002470282;90368.6;90069.8;0.0244;./core_5/sim_sa_sexbias_31_8_2016_154721_594900586
0.01;0;0.5;2;1;200;0.333333;haplodiploid;1000;maternal;20000;28849595;1;2;1472654841;0.02;19997.0;2.354546;0.004208676;4.50832;0.00680835;96829.2;96717.6;0.024408;./core_6/sim_sa_sexbias_31_8_2016_154721_16653095
0.01;0;0.5;2;1;200;0.333333;diploid;1000;maternal;20000;601412682;1;2;1472654841;0.02;19997.0;2.291334;0.004199948;4.424518;0.008710594;89033.6;89071.6;0.02442;./core_7/sim_sa_sexbias_31_8_2016_154721_595467573
0.01;0;0.5;2;1;200;0.333333;haplodiploid;1000;paternal;20000;79355187;1;2;1472654841;0.02;19997.0;2.285876;0.003652214;3.240022;0.002257478;88519.6;88261.8;0.024424;./core_8/sim_sa_sexbias_31_8_2016_154721_58451168
0.01;0;0.5;2;1;200;0.333333;diploid;1000;paternal;20000;601703034;1;2;1472654841;0.02;19997.0;2.28062;0.004998872;2.871298;0.002164978;87497.4;87635.2;0.024412;./core_9/sim_sa_sexbias_31_8_2016_154721_578048096
0.01;0.05;0.5;2;0.95;200;0.333333;haplodiploid;1000;offspring;20000;428484992;1;2;1472654841;0.02;19997.0;2.413778;0.002676522;3.103164;0.00278779;104121.6;104264.2;0.026856;./core_10/sim_sa_sexbias_31_8_2016_154721_412264512
0.01;0.05;0.5;2;0.95;200;0.333333;diploid;1000;offspring;20000;601796720;1;2;1472654841;0.02;19997.0;2.398432;0.003859614;2.882958;0.003645704;102147.2;102233.2;0.026872;./core_11/sim_sa_sexbias_31_8_2016_154721_597075400
0.01;0.05;0.5;2;0.95;200;0.333333;haplodiploid;1000;madumnal;20000;985603510;1;2;1472654841;0.02;19997.0;2.362062;0.004029738;3.200752;0.003482486;97472.0;97590.0;0.026856;./core_12/sim_sa_sexbias_31_8_2016_154721_985228137
0.01;0.05;0.5;2;0.95;200;0.333333;diploid;1000;madumnal;20000;601649515;1;2;1472654841;0.02;19997.0;2.345324;0.00345431;3.109512;0.001281082;95387.0;95588.2;0.026868;./core_13/sim_sa_sexbias_31_8_2016_154721_595015117
0.01;0.05;0.5;2;0.95;200;0.333333;haplodiploid;1000;padumnal;20000;19118505;1;2;1472654842;0.02;19997.0;2.379128;0.005188126;3.162796;0.004545716;99271.8;99424.8;0.026868;./core_14/sim_sa_sexbias_31_8_2016_154722_18742472
0.01;0.05;0.5;2;0.95;200;0.333333;diploid;1000;padumnal;20000;601631659;1;2;1472654841;0.02;19997.0;2.372376;0.00232969;2.688364;0.001915492;98648.2;98649.8;0.026868;./core_15/sim_sa_sexbias_31_8_2016_154721_592849639
0.01;0.05;0.5;2;0.95;200;0.333333;haplodiploid;1000;maternal;20000;129338483;1;2;1472654842;0.02;19997.0;2.424972;0.005289496;4.11632;0.00844963;105622.0;105756.4;0.026872;./core_16/sim_sa_sexbias_31_8_2016_154722_114968042
0.01;0.05;0.5;2;0.95;200;0.333333;diploid;1000;maternal;20000;601402936;1;2;1472654841;0.02;19997.0;2.440342;0.006551234;4.10612;0.009446024;107785.2;107551.4;0.026868;./core_17/sim_sa_sexbias_31_8_2016_154721_589694288
0.01;0.05;0.5;2;0.95;200;0.333333;haplodiploid;1000;paternal;20000;339418687;1;2;1472654842;0.02;19997.0;2.430158;0.003066788;3.104668;0.003422054;106152.2;106274.0;0.026868;./core_18/sim_sa_sexbias_31_8_2016_154722_330501034
0.01;0.05;0.5;2;0.95;200;0.333333;diploid;1000;paternal;20000;601736799;1;2;1472654841;0.02;19997.0;2.401114;0.004345316;2.817866;0.004275552;101914.2;102565.8;0.02688;./core_19/sim_sa_sexbias_31_8_2016_154721_595190801
0.01;0.1;0.5;2;0.9;200;0.333333;haplodiploid;1000;offspring;20000;382995161;1;2;1472654842;0.02;19997.0;2.467764;0.0038042;3.04223;0.00287681;111352.4;111306.6;0.029636;./core_20/sim_sa_sexbias_31_8_2016_154722_372600027
0.01;0.1;0.5;2;0.9;200;0.333333;diploid;1000;offspring;20000;601155546;1;2;1472654841;0.02;19997.0;2.436706;0.002938438;2.800886;0.001277346;107272.8;107267.8;0.029648;./core_21/sim_sa_sexbias_31_8_2016_154721_595948053
0.01;0.1;0.5;2;0.9;200;0.333333;haplodiploid;1000;madumnal;20000;296435383;1;2;1472654842;0.02;19997.0;2.463376;0.00425285;3.026804;0.003852684;110510.6;110770.0;0.029564;./core_22/sim_sa_sexbias_31_8_2016_154722_287898944
0.01;0.1;0.5;2;0.9;200;0.333333;diploid;1000;madumnal;20000;601809189;1;2;1472654841;0.02;19997.0;2.481334;0.001858978;3.082776;0.00198712;113087.2;113346.8;0.029688;./core_23/sim_sa_sexbias_31_8_2016_154721_578047773
0.01;0.1;0.5;2;0.9;200;0.333333;haplodiploid;1000;padumnal;20000;393926297;1;2;1472654842;0.02;19997.0;2.418662;0.002831128;3.096744;0.002259568;104448.6;104785.4;0.029504;./core_24/sim_sa_sexbias_31_8_2016_154722_393575531
0.01;0.1;0.5;2;0.9;200;0.333333;diploid;1000;padumnal;20000;79018713;1;2;1472654841;0.02;19997.0;2.46306;0.003226722;2.647084;0.002401188;110382.4;110361.4;0.029708;./core_25/sim_sa_sexbias_31_8_2016_154721_67390683
0.01;0.1;0.5;2;0.9;200;0.333333;haplodiploid;1000;maternal;20000;601828694;1;2;1472654841;0.02;19997.0;2.56581;0.006245688;3.877036;0.002495206;125117.0;125125.4;0.029732;./core_26/sim_sa_sexbias_31_8_2016_154721_595356836
0.01;0.1;0.5;2;0.9;200;0.333333;diploid;1000;maternal;20000;254490492;1;2;1472654842;0.02;19997.0;2.53705;0.00434337;3.863906;0.007298346;121058.0;120805.2;0.029748;./core_27/sim_sa_sexbias_31_8_2016_154722_245765738
0.01;0.1;0.5;2;0.9;200;0.333333;haplodiploid;1000;paternal;20000;79035893;1;2;1472654841;0.02;19997.0;2.432726;0.002529874;3.108256;0.003084724;106336.4;106526.4;0.029504;./core_28/sim_sa_sexbias_31_8_2016_154721_66314719
0.01;0.1;0.5;2;0.9;200;0.333333;diploid;1000;paternal;20000;601645790;1;2;1472654841;0.02;19997.0;2.502154;0.01132384;2.738758;0.003550834;115484.2;115526.4;0.029736;./core_29/sim_sa_sexbias_31_8_2016_154721_578046145
0.01;0.15;0.5;2;0.85;200;0.333333;haplodiploid;1000;offspring;20000;415310120;1;2;1472654842;0.02;19997.0;2.556608;0.007210818;3.049812;0.0030205;123894.4;123713.6;0.0282;./core_30/sim_sa_sexbias_31_8_2016_154722_414965446
0.01;0.15;0.5;2;0.85;200;0.333333;diploid;1000;offspring;20000;658202279;1;2;1472654840;0.02;19997.0;2.517214;0.004064324;2.78163;0.002610446;118212.6;118034.6;0.028156;./core_31/sim_sa_sexbias_31_8_2016_154720_641853927
0.01;0.15;0.5;2;0.85;200;0.333333;haplodiploid;1000;madumnal;20000;79188136;1;2;1472654841;0.02;19997.0;2.56507;0.002716604;2.949584;0.002425768;124611.0;125118.2;0.028168;./core_32/sim_sa_sexbias_31_8_2016_154721_66396654
0.01;0.15;0.5;2;0.85;200;0.333333;diploid;1000;madumnal;20000;710962320;1;2;1472654840;0.02;19997.0;2.537394;0.002426902;2.927848;0.002679924;120591.2;120861.6;0.028164;./core_33/sim_sa_sexbias_31_8_2016_154720_699402540
0.01;0.15;0.5;2;0.85;200;0.333333;haplodiploid;1000;padumnal;20000;658121866;1;2;1472654840;0.02;19997.0;2.512992;0.002440966;2.973688;0.003218326;117147.8;117496.4;0.02814;./core_34/sim_sa_sexbias_31_8_2016_154720_643050981
0.01;0.15;0.5;2;0.85;200;0.333333;diploid;1000;padumnal;20000;600900624;1;2;1472654841;0.02;19997.0;2.52265;0.002607046;2.624998;0.003507644;118680.0;118773.8;0.02818;./core_35/sim_sa_sexbias_31_8_2016_154721_595979805
0.01;0.15;0.5;2;0.85;200;0.333333;haplodiploid;1000;maternal;20000;361193381;1;2;1472654842;0.02;19997.0;2.609924;0.007417142;3.550798;0.004216144;131669.4;131332.6;0.028164;./core_36/sim_sa_sexbias_31_8_2016_154722_352537489
0.01;0.15;0.5;2;0.85;200;0.333333;diploid;1000;maternal;20000;301145884;1;2;1472654856;0.02;19997.0;2.61275;0.0133674;3.763908;0.008293678;131574.6;131746.8;0.028188;./core_37/sim_sa_sexbias_31_8_2016_154736_292219567
0.01;0.15;0.5;2;0.85;200;0.333333;haplodiploid;1000;paternal;20000;228346637;1;2;1472654858;0.02;19997.0;2.5324;0.002666874;2.986084;0.002745148;119973.0;120064.0;0.028208;./core_38/sim_sa_sexbias_31_8_2016_154738_191049448
0.01;0.15;0.5;2;0.85;200;0.333333;diploid;1000;paternal;20000;446927225;1;2;1472654859;0.02;19997.0;2.513016;0.002766072;2.778006;0.0062637;117483.4;117416.4;0.028172;./core_39/sim_sa_sexbias_31_8_2016_154739_433927809
0.01;0.2;0.5;2;0.8;200;0.333333;haplodiploid;1000;offspring;20000;359541993;1;2;1472654859;0.02;19997.0;2.625108;0.00211455;2.887044;0.002229136;133854.0;134120.8;0.031108;./core_40/sim_sa_sexbias_31_8_2016_154739_343604829
0.01;0.2;0.5;2;0.8;200;0.333333;diploid;1000;offspring;20000;756054931;1;2;1472654860;0.02;19997.0;2.620228;0.002900584;2.777768;0.002510316;133255.0;133094.2;0.031136;./core_41/sim_sa_sexbias_31_8_2016_154740_743387514
0.01;0.2;0.5;2;0.8;200;0.333333;haplodiploid;1000;madumnal;20000;993669018;1;2;1472654855;0.02;19997.0;2.610294;0.004145044;2.939954;0.001324298;131729.6;131509.8;0.031056;./core_42/sim_sa_sexbias_31_8_2016_154735_978574846
0.01;0.2;0.5;2;0.8;200;0.333333;diploid;1000;madumnal;20000;993369331;1;2;1472654855;0.02;19997.0;2.573322;0.002872072;2.979034;0.002443884;125904.8;125909.4;0.031136;./core_43/sim_sa_sexbias_31_8_2016_154735_978567994
0.01;0.2;0.5;2;0.8;200;0.333333;haplodiploid;1000;padumnal;20000;594085308;1;2;1472654859;0.02;19997.0;2.61431;0.003521576;2.912388;0.003841334;132178.6;132020.0;0.031092;./core_44/sim_sa_sexbias_31_8_2016_154739_579148458
0.01;0.2;0.5;2;0.8;200;0.333333;diploid;1000;padumnal;20000;907970193;1;2;1472654860;0.02;19997.0;2.492814;0.002705536;2.598236;0.003581744;114718.0;114156.6;0.031068;./core_45/sim_sa_sexbias_31_8_2016_154740_886184972
0.01;0.2;0.5;2;0.8;200;0.333333;haplodiploid;1000;maternal;20000;859505789;1;2;1472654860;0.02;19997.0;2.737768;0.006624;3.665402;0.004643674;151954.0;151733.4;0.031088;./core_46/sim_sa_sexbias_31_8_2016_154740_843487496
0.01;0.2;0.5;2;0.8;200;0.333333;diploid;1000;maternal;20000;111827280;1;2;1472654861;0.02;19997.0;2.621036;0.00294373;3.58937;0.003501144;133343.8;133108.0;0.031088;./core_47/sim_sa_sexbias_31_8_2016_154741_90693200
0.01;0.2;0.5;2;0.8;200;0.333333;haplodiploid;1000;paternal;20000;90290858;1;2;1472654862;0.02;19997.0;2.555962;0.003354546;2.950026;0.003509084;123433.8;123531.2;0.031096;./core_48/sim_sa_sexbias_31_8_2016_154742_76443562
0.01;0.2;0.5;2;0.8;200;0.333333;diploid;1000;paternal;20000;259854285;1;2;1472654856;0.02;19997.0;2.624098;0.003137072;2.71915;0.01029254;133636.2;133788.0;0.0311;./core_49/sim_sa_sexbias_31_8_2016_154736_242835315
0.01;0.25;0.5;2;0.75;200;0.333333;haplodiploid;1000;offspring;20000;149266294;1;2;1472654856;0.02;19997.0;2.620444;0.00558835;2.837146;0.003855996;133210.2;133381.8;0.031584;./core_50/sim_sa_sexbias_31_8_2016_154736_134364362
0.01;0.25;0.5;2;0.75;200;0.333333;diploid;1000;offspring;20000;243803060;1;2;1472654863;0.02;19997.0;2.649854;0.00559885;2.706358;0.004919816;137707.8;137717.6;0.031588;./core_51/sim_sa_sexbias_31_8_2016_154743_48229567
0.01;0.25;0.5;2;0.75;200;0.333333;haplodiploid;1000;madumnal;20000;880950033;1;2;1472654860;0.02;19997.0;2.69361;0.003596274;2.90684;0.004517258;144415.0;144884.2;0.031596;./core_52/sim_sa_sexbias_31_8_2016_154740_866188801
0.01;0.25;0.5;2;0.75;200;0.333333;diploid;1000;madumnal;20000;322749264;1;2;1472654861;0.02;19997.0;2.633986;0.001794112;2.795984;0.00360343;135181.6;135265.4;0.03158;./core_53/sim_sa_sexbias_31_8_2016_154741_307319878
0.01;0.25;0.5;2;0.75;200;0.333333;haplodiploid;1000;padumnal;20000;388349364;1;2;1472654861;0.02;19997.0;2.570548;0.003533886;2.82026;0.002508408;125454.8;125574.4;0.031572;./core_54/sim_sa_sexbias_31_8_2016_154741_373441465
0.01;0.25;0.5;2;0.75;200;0.333333;diploid;1000;padumnal;20000;767503294;1;2;1472654862;0.02;19997.0;2.644466;0.001702676;2.552902;0.002771694;136935.6;136661.8;0.031568;./core_55/sim_sa_sexbias_31_8_2016_154742_751853229
0.01;0.25;0.5;2;0.75;200;0.333333;haplodiploid;1000;maternal;20000;90290793;1;2;1472654862;0.02;19997.0;2.722564;0.007413638;3.461612;0.006274212;149456.0;149253.4;0.031584;./core_56/sim_sa_sexbias_31_8_2016_154742_76443674
0.01;0.25;0.5;2;0.75;200;0.333333;diploid;1000;maternal;20000;898929839;1;2;1472654856;0.02;19997.0;2.76616;0.010029376;3.380292;0.008298026;156479.8;156666.4;0.0316;./core_57/sim_sa_sexbias_31_8_2016_154736_885652604
0.01;0.25;0.5;2;0.75;200;0.333333;haplodiploid;1000;paternal;20000;829164672;1;2;1472654862;0.02;19997.0;2.61087;0.004257008;2.89442;0.003272616;131317.0;131645.0;0.03158;./core_58/sim_sa_sexbias_31_8_2016_154742_814835294
0.01;0.25;0.5;2;0.75;200;0.333333;diploid;1000;paternal;20000;968006257;1;2;1472654862;0.02;19997.0;2.60254;0.004297416;2.760878;0.003597482;130055.0;130402.2;0.031604;./core_59/sim_sa_sexbias_31_8_2016_154742_895265858
0.01;0.3;0.5;2;0.7;200;0.333333;haplodiploid;1000;offspring;20000;855718312;1;2;1472654862;0.02;19997.0;2.707652;0.01166178;2.80368;0.002404164;146792.8;147162.4;0.03196;./core_60/sim_sa_sexbias_31_8_2016_154742_835600376
0.01;0.3;0.5;2;0.7;200;0.333333;diploid;1000;offspring;20000;905555515;1;2;1472654862;0.02;19997.0;2.709532;0.003980758;2.66646;0.003933078;147363.6;147349.2;0.032036;./core_61/sim_sa_sexbias_31_8_2016_154742_859291458
0.01;0.3;0.5;2;0.7;200;0.333333;haplodiploid;1000;madumnal;20000;442764510;1;2;1472654862;0.02;19997.0;2.688644;0.00423892;2.771284;0.00185797;143638.0;143582.4;0.031972;./core_62/sim_sa_sexbias_31_8_2016_154742_426324491
0.01;0.3;0.5;2;0.7;200;0.333333;diploid;1000;madumnal;20000;441896023;1;2;1472654863;0.02;19997.0;2.697712;0.00263021;2.830888;0.00210753;145346.8;145191.2;0.032028;./core_63/sim_sa_sexbias_31_8_2016_154743_323819467
0.01;0.3;0.5;2;0.7;200;0.333333;haplodiploid;1000;padumnal;20000;506005447;1;2;1472654862;0.02;19997.0;2.645954;0.001902252;2.818798;0.00261771;136976.4;137180.4;0.032052;./core_64/sim_sa_sexbias_31_8_2016_154742_492525901
0.01;0.3;0.5;2;0.7;200;0.333333;diploid;1000;padumnal;20000;706909486;1;2;1472654862;0.02;19997.0;2.644702;0.003361746;2.588228;0.00220674;136529.6;136815.8;0.032036;./core_65/sim_sa_sexbias_31_8_2016_154742_684407414
0.01;0.3;0.5;2;0.7;200;0.333333;haplodiploid;1000;maternal;20000;264531695;1;2;1472654863;0.02;19997.0;2.896344;0.004770742;3.186944;0.005819658;179718.2;179591.2;0.032004;./core_66/sim_sa_sexbias_31_8_2016_154743_101491912
0.01;0.3;0.5;2;0.7;200;0.333333;diploid;1000;maternal;20000;989209171;1;2;1472654862;0.02;19997.0;2.786228;0.00222187;3.216334;0.006207438;160130.4;159910.8;0.03198;./core_67/sim_sa_sexbias_31_8_2016_154742_896890774
0.01;0.3;0.5;2;0.7;200;0.333333;haplodiploid;1000;paternal;20000;339371137;1;2;1472654863;0.02;19997.0;2.611164;0.002600554;2.842328;0.002442696;131522.4;131693.4;0.032036;./core_68/sim_sa_sexbias_31_8_2016_154743_319966509
0.01;0.3;0.5;2;0.7;200;0.333333;diploid;1000;paternal;20000;263447239;1;2;1472654863;0.02;19997.0;2.62016;0.003134468;2.720438;0.005165964;133326.0;132752.4;0.032012;./core_69/sim_sa_sexbias_31_8_2016_154743_100453919
0.01;0.35;0.5;2;0.65;200;0.333333;haplodiploid;1000;offspring;20000;264119991;1;2;1472654863;0.02;19997.0;2.69494;0.002519678;2.82272;0.00409218;144990.2;144902.2;0.031936;./core_70/sim_sa_sexbias_31_8_2016_154743_101224279
0.01;0.35;0.5;2;0.65;200;0.333333;diploid;1000;offspring;20000;359434818;1;2;1472654863;0.02;19997.0;2.713704;0.005293078;2.663724;0.00300191;147999.8;148004.6;0.03412;./core_71/sim_sa_sexbias_31_8_2016_154743_321860267
0.01;0.35;0.5;2;0.65;200;0.333333;haplodiploid;1000;madumnal;20000;758972520;1;2;1472654860;0.02;19997.0;2.779296;0.004069638;2.74259;0.003850536;158803.0;158805.6;0.031812;./core_72/sim_sa_sexbias_31_8_2016_154740_743387399
0.01;0.35;0.5;2;0.65;200;0.333333;diploid;1000;madumnal;20000;706859545;1;2;1472654862;0.02;19997.0;2.746802;0.004020702;2.764162;0.00380389;153138.4;153302.6;0.033996;./core_73/sim_sa_sexbias_31_8_2016_154742_684145022
0.01;0.35;0.5;2;0.65;200;0.333333;haplodiploid;1000;padumnal;20000;761006543;1;2;1472654863;0.02;19997.0;2.673182;0.005826742;2.728098;0.003186792;140909.2;141065.8;0.031896;./core_74/sim_sa_sexbias_31_8_2016_154743_621433724
0.01;0.35;0.5;2;0.65;200;0.333333;diploid;1000;padumnal;20000;224256648;1;2;1472654863;0.02;19997.0;2.668294;0.003926472;2.625114;0.002324552;140278.4;140209.4;0.032004;./core_75/sim_sa_sexbias_31_8_2016_154743_46632847
0.01;0.35;0.5;2;0.65;200;0.333333;haplodiploid;1000;maternal;20000;340240040;1;2;1472654863;0.02;19997.0;2.97352;0.007111116;3.020388;0.00980083;194747.6;194240.0;0.032056;./core_76/sim_sa_sexbias_31_8_2016_154743_319967018
0.01;0.35;0.5;2;0.65;200;0.333333;diploid;1000;maternal;20000;586961851;1;2;1472654863;0.02;19997.0;2.85659;0.008776556;3.159854;0.002153368;171806.8;171934.8;0.033964;./core_77/sim_sa_sexbias_31_8_2016_154743_509866742
0.01;0.35;0.5;2;0.65;200;0.333333;haplodiploid;1000;paternal;20000;504465449;1;2;1472654863;0.02;19997.0;2.663684;0.00216787;2.749838;0.003717828;139859.6;139797.4;0.031908;./core_78/sim_sa_sexbias_31_8_2016_154743_344400448
0.01;0.35;0.5;2;0.65;200;0.333333;diploid;1000;paternal;20000;359434839;1;2;1472654863;0.02;19997.0;2.735132;0.001663684;2.560658;0.00555053;151309.8;151622.8;0.031932;./core_79/sim_sa_sexbias_31_8_2016_154743_320200292
0.01;0.4;0.5;2;0.6;200;0.333333;haplodiploid;1000;offspring;20000;505970205;1;2;1472654862;0.02;19997.0;2.73577;0.0076559;2.654812;0.002021494;151491.4;151728.8;0.034764;./core_80/sim_sa_sexbias_31_8_2016_154742_493334888
0.01;0.4;0.5;2;0.6;200;0.333333;diploid;1000;offspring;20000;968209212;1;2;1472654862;0.02;19997.0;2.745858;0.005956862;2.670148;0.004396924;153124.4;153282.8;0.03476;./core_81/sim_sa_sexbias_31_8_2016_154742_893499668
0.01;0.4;0.5;2;0.6;200;0.333333;haplodiploid;1000;madumnal;20000;737445303;1;2;1472654863;0.02;19997.0;2.863258;0.004814534;2.77741;0.003223786;173764.6;173748.4;0.034884;./core_82/sim_sa_sexbias_31_8_2016_154743_620224061
0.01;0.4;0.5;2;0.6;200;0.333333;diploid;1000;madumnal;20000;53819186;1;2;1472654863;0.02;19997.0;2.833492;0.00227112;2.699424;0.001825808;168252.0;168336.2;0.034744;./core_83/sim_sa_sexbias_31_8_2016_154743_18501541
0.01;0.4;0.5;2;0.6;200;0.333333;haplodiploid;1000;padumnal;20000;716820450;1;2;1472654863;0.02;19997.0;2.741156;0.002852886;2.706616;0.001871746;152360.0;152365.6;0.034868;./core_84/sim_sa_sexbias_31_8_2016_154743_619697543
0.01;0.4;0.5;2;0.6;200;0.333333;diploid;1000;padumnal;20000;545244736;1;2;1472654863;0.02;19997.0;2.700914;0.003967574;2.600072;0.003732224;145261.4;145699.0;0.034912;./core_85/sim_sa_sexbias_31_8_2016_154743_343642979
0.01;0.4;0.5;2;0.6;200;0.333333;haplodiploid;1000;maternal;20000;587966656;1;2;1472654863;0.02;19997.0;2.995502;0.003812402;2.956478;0.005936204;198818.4;199205.4;0.03894;./core_86/sim_sa_sexbias_31_8_2016_154743_509226580
0.01;0.4;0.5;2;0.6;200;0.333333;diploid;1000;maternal;20000;654921448;1;2;1472654863;0.02;19997.0;3.009144;0.004190096;2.960706;0.006549954;201400.2;201210.4;0.036944;./core_87/sim_sa_sexbias_31_8_2016_154743_618771276
0.01;0.4;0.5;2;0.6;200;0.333333;haplodiploid;1000;paternal;20000;516971832;1;2;1472654862;0.02;19997.0;2.734298;0.00323835;2.72841;0.002137554;151136.8;151313.2;0.03494;./core_88/sim_sa_sexbias_31_8_2016_154742_493334811
0.01;0.4;0.5;2;0.6;200;0.333333;diploid;1000;paternal;20000;948106859;1;2;1472654862;0.02;19997.0;2.807758;0.00228754;2.706392;0.00454019;163472.2;164108.0;0.03496;./core_89/sim_sa_sexbias_31_8_2016_154742_893074364
0.01;0.45;0.5;2;0.55;200;0.333333;haplodiploid;1000;offspring;20000;757557367;1;2;1472654863;0.02;19997.0;2.802226;0.001881174;2.668264;0.004312468;162837.2;163078.0;0.036728;./core_90/sim_sa_sexbias_31_8_2016_154743_620224139
0.01;0.45;0.5;2;0.55;200;0.333333;diploid;1000;offspring;20000;202371285;1;2;1472654863;0.02;19997.0;2.786296;0.00274854;2.625952;0.00331763;160110.6;160202.0;0.036956;./core_91/sim_sa_sexbias_31_8_2016_154743_45581579
0.01;0.45;0.5;2;0.55;200;0.333333;haplodiploid;1000;madumnal;20000;696185119;1;2;1472654863;0.02;19997.0;2.903572;0.001795772;2.67534;0.003310022;181267.8;181312.6;0.036952;./core_92/sim_sa_sexbias_31_8_2016_154743_619697241
0.01;0.45;0.5;2;0.55;200;0.333333;diploid;1000;madumnal;20000;524115413;1;2;1472654863;0.02;19997.0;2.88685;0.002811858;2.693648;0.00241784;177840.4;177938.4;0.037136;./core_93/sim_sa_sexbias_31_8_2016_154743_343593084
0.01;0.45;0.5;2;0.55;200;0.333333;haplodiploid;1000;padumnal;20000;317604524;1;2;1472654864;0.02;19997.0;2.752708;0.002700158;2.607448;0.001879854;154544.2;154395.6;0.036904;./core_94/sim_sa_sexbias_31_8_2016_154744_262582951
0.01;0.45;0.5;2;0.55;200;0.333333;diploid;1000;padumnal;20000;370075931;1;2;1472654863;0.02;19997.0;2.747852;0.002888628;2.557314;0.002644914;153278.4;153308.2;0.037;./core_95/sim_sa_sexbias_31_8_2016_154743_320200269
0.01;0.45;0.5;2;0.55;200;0.333333;haplodiploid;1000;maternal;20000;726606705;1;2;1472654862;0.02;19997.0;3.030348;0.003975708;2.917192;0.003864168;206306.4;205951.8;0.039412;./core_96/sim_sa_sexbias_31_8_2016_154742_688243384
0.01;0.45;0.5;2;0.55;200;0.333333;diploid;1000;maternal;20000;380120125;1;2;1472654863;0.02;19997.0;3.037276;0.007991822;2.918528;0.006275994;206603.0;207220.0;0.039508;./core_97/sim_sa_sexbias_31_8_2016_154743_322636773
0.01;0.45;0.5;2;0.55;200;0.333333;haplodiploid;1000;paternal;20000;129746305;1;2;1472654864;0.02;19997.0;2.745176;0.003588242;2.713504;0.003373736;152873.2;153290.0;0.03682;./core_98/sim_sa_sexbias_31_8_2016_154743_935363056
0.01;0.45;0.5;2;0.55;200;0.333333;diploid;1000;paternal;20000;906505472;1;2;1472654862;0.02;19997.0;2.792124;0.005259302;2.595798;0.004359244;160886.0;161150.4;0.036952;./core_99/sim_sa_sexbias_31_8_2016_154742_843222286
0.01;0.5;0.5;2;0.5;200;0.333333;haplodiploid;1000;offspring;20000;9120524;1;2;1472654864;0.02;19997.0;2.83664;0.006311842;2.664078;0.002023192;168690.6;169154.2;0.035012;./core_100/sim_sa_sexbias_31_8_2016_154743_932544405
0.01;0.5;0.5;2;0.5;200;0.333333;diploid;1000;offspring;20000;796654928;1;2;1472654863;0.02;19997.0;2.795666;0.00606478;2.600136;0.002453494;161739.0;161482.6;0.035116;./core_101/sim_sa_sexbias_31_8_2016_154743_641747759
0.01;0.5;0.5;2;0.5;200;0.333333;haplodiploid;1000;madumnal;20000;297149538;1;2;1472654864;0.02;19997.0;2.889836;0.005812236;2.668864;0.002281118;178492.6;178250.2;0.038384;./core_102/sim_sa_sexbias_31_8_2016_154744_262397370
0.01;0.5;0.5;2;0.5;200;0.333333;diploid;1000;madumnal;20000;675057585;1;2;1472654863;0.02;19997.0;2.890126;0.003949448;2.67476;0.003880272;177778.0;178499.0;0.039684;./core_103/sim_sa_sexbias_31_8_2016_154743_618771252
0.01;0.5;0.5;2;0.5;200;0.333333;haplodiploid;1000;padumnal;20000;736971016;1;2;1472654862;0.02;19997.0;2.746272;0.003774654;2.645056;0.002316698;152997.4;153164.4;0.037228;./core_104/sim_sa_sexbias_31_8_2016_154742_685123621
0.01;0.5;0.5;2;0.5;200;0.333333;diploid;1000;padumnal;20000;421288125;1;2;1472654863;0.02;19997.0;2.715968;0.002944504;2.539418;0.003874582;147822.4;147897.8;0.036368;./core_105/sim_sa_sexbias_31_8_2016_154743_323520538
0.01;0.5;0.5;2;0.5;200;0.333333;haplodiploid;1000;maternal;20000;48905262;1;2;1472654864;0.02;19997.0;3.104646;0.005858752;2.812616;0.007685926;221569.4;221668.8;0.039852;./core_106/sim_sa_sexbias_31_8_2016_154743_934428614
0.01;0.5;0.5;2;0.5;200;0.333333;diploid;1000;maternal;20000;74708698;1;2;1472654863;0.02;19997.0;3.131124;0.004581984;2.845598;0.004229774;227146.8;226995.6;0.039832;./core_107/sim_sa_sexbias_31_8_2016_154743_18600012
0.01;0.5;0.5;2;0.5;200;0.333333;haplodiploid;1000;paternal;20000;968319046;1;2;1472654863;0.02;19997.0;2.784604;0.00261536;2.655382;0.002770894;159642.2;159552.0;0.035208;./core_108/sim_sa_sexbias_31_8_2016_154743_930253843
0.01;0.5;0.5;2;0.5;200;0.333333;diploid;1000;paternal;20000;816954869;1;2;1472654863;0.02;19997.0;2.713298;0.01052654;2.65147;0.00387558;146990.4;147105.0;0.035952;./core_109/sim_sa_sexbias_31_8_2016_154743_642961759
0.01;0.55;0.5;2;0.45;200;0.333333;haplodiploid;1000;offspring;20000;502523291;1;2;1472654864;0.02;19997.0;2.869348;0.002976346;2.620894;0.004306794;174996.6;174997.6;0.036808;./core_110/sim_sa_sexbias_31_8_2016_154744_464161925
0.01;0.55;0.5;2;0.45;200;0.333333;diploid;1000;offspring;20000;173347962;1;2;1472654864;0.02;19997.0;2.850872;0.003109386;2.585644;0.003888606;171462.6;171454.4;0.036856;./core_111/sim_sa_sexbias_31_8_2016_154743_956319404
0.01;0.55;0.5;2;0.45;200;0.333333;haplodiploid;1000;madumnal;20000;120202917;1;2;1472654863;0.02;19997.0;2.980936;0.004441458;2.613226;0.002988404;195706.0;195986.4;0.037192;./core_112/sim_sa_sexbias_31_8_2016_154743_44344909
0.01;0.55;0.5;2;0.45;200;0.333333;diploid;1000;madumnal;20000;484198976;1;2;1472654863;0.02;19997.0;2.913008;0.002542296;2.597694;0.002657898;182698.0;182626.6;0.038336;./core_113/sim_sa_sexbias_31_8_2016_154743_324455626
0.01;0.55;0.5;2;0.45;200;0.333333;haplodiploid;1000;padumnal;20000;69260113;1;2;1472654864;0.02;19997.0;2.768506;0.004610638;2.618524;0.004904788;156710.4;156428.8;0.036908;./core_114/sim_sa_sexbias_31_8_2016_154743_934556173
0.01;0.55;0.5;2;0.45;200;0.333333;diploid;1000;padumnal;20000;988330838;1;2;1472654862;0.02;19997.0;2.748712;0.002788828;2.555224;0.003616196;153699.4;153311.6;0.036828;./core_115/sim_sa_sexbias_31_8_2016_154742_896245898
0.01;0.55;0.5;2;0.45;200;0.333333;haplodiploid;1000;maternal;20000;989020045;1;2;1472654863;0.02;19997.0;3.239256;0.006568512;2.700022;0.00789356;251058.6;251338.6;0.04158;./core_116/sim_sa_sexbias_31_8_2016_154743_930253729
0.01;0.55;0.5;2;0.45;200;0.333333;diploid;1000;maternal;20000;857006298;1;2;1472654863;0.02;19997.0;3.255756;0.005249344;2.752036;0.005345502;255012.2;254797.6;0.041536;./core_117/sim_sa_sexbias_31_8_2016_154743_645797110
0.01;0.55;0.5;2;0.45;200;0.333333;haplodiploid;1000;paternal;20000;338146677;1;2;1472654864;0.02;19997.0;2.767576;0.004638314;2.594064;0.002968546;156367.6;156964.6;0.036748;./core_118/sim_sa_sexbias_31_8_2016_154744_262905048
0.01;0.55;0.5;2;0.45;200;0.333333;diploid;1000;paternal;20000;214379459;1;2;1472654864;0.02;19997.0;2.743164;0.004143462;2.538686;0.003020836;152754.8;152635.6;0.03684;./core_119/sim_sa_sexbias_31_8_2016_154743_956722076
0.01;0.6;0.5;2;0.4;200;0.333333;haplodiploid;1000;offspring;20000;182024939;1;2;1472654863;0.02;19997.0;2.893314;0.00583637;2.5971;0.002553902;178997.2;179422.8;0.034796;./core_120/sim_sa_sexbias_31_8_2016_154743_44712226
0.01;0.6;0.5;2;0.4;200;0.333333;diploid;1000;offspring;20000;442043468;1;2;1472654863;0.02;19997.0;2.794422;0.004851078;2.554606;0.00346985;161611.4;161562.2;0.034952;./core_121/sim_sa_sexbias_31_8_2016_154743_323562467
0.01;0.6;0.5;2;0.4;200;0.333333;haplodiploid;1000;madumnal;20000;28754217;1;2;1472654864;0.02;19997.0;2.972954;0.003986136;2.57022;0.002907864;194198.0;194179.0;0.037124;./core_122/sim_sa_sexbias_31_8_2016_154743_933447379
0.01;0.6;0.5;2;0.4;200;0.333333;diploid;1000;madumnal;20000;223005670;1;2;1472654863;0.02;19997.0;2.947324;0.003272726;2.582912;0.002422956;189079.8;189209.8;0.03702;./core_123/sim_sa_sexbias_31_8_2016_154743_46441094
0.01;0.6;0.5;2;0.4;200;0.333333;haplodiploid;1000;padumnal;20000;359148144;1;2;1472654864;0.02;19997.0;2.802266;0.002256602;2.647018;0.002243078;162736.6;163054.8;0.034892;./core_124/sim_sa_sexbias_31_8_2016_154744_265725868
0.01;0.6;0.5;2;0.4;200;0.333333;diploid;1000;padumnal;20000;837004864;1;2;1472654863;0.02;19997.0;2.703754;0.00244235;2.526002;0.002200422;146010.4;146274.8;0.03492;./core_125/sim_sa_sexbias_31_8_2016_154743_642961418
0.01;0.6;0.5;2;0.4;200;0.333333;haplodiploid;1000;maternal;20000;461317564;1;2;1472654864;0.02;19997.0;3.317808;0.008869804;2.685016;0.005313664;270056.2;269874.0;0.043688;./core_126/sim_sa_sexbias_31_8_2016_154744_430980764
0.01;0.6;0.5;2;0.4;200;0.333333;diploid;1000;maternal;20000;234389653;1;2;1472654864;0.02;19997.0;3.35627;0.00558069;2.790638;0.004072576;279182.8;279357.8;0.043636;./core_127/sim_sa_sexbias_31_8_2016_154743_956721726
0.01;0.6;0.5;2;0.4;200;0.333333;haplodiploid;1000;paternal;20000;141087537;1;2;1472654863;0.02;19997.0;2.758088;0.003093986;2.582564;0.003369458;155587.2;155104.0;0.034928;./core_128/sim_sa_sexbias_31_8_2016_154743_44404873
0.01;0.6;0.5;2;0.4;200;0.333333;diploid;1000;paternal;20000;463123999;1;2;1472654863;0.02;19997.0;2.788318;0.005382166;2.528572;0.005500516;160397.4;160060.8;0.034712;./core_129/sim_sa_sexbias_31_8_2016_154743_324185916
0.01;0.65;0.5;2;0.35;200;0.333333;haplodiploid;1000;offspring;20000;89504782;1;2;1472654864;0.02;19997.0;2.88663;0.006522588;2.571672;0.004675484;178264.2;177945.0;0.031628;./core_130/sim_sa_sexbias_31_8_2016_154743_935321400
0.01;0.65;0.5;2;0.35;200;0.333333;diploid;1000;offspring;20000;243757800;1;2;1472654863;0.02;19997.0;2.83309;0.003246242;2.57225;0.003870074;168316.4;168317.8;0.031804;./core_131/sim_sa_sexbias_31_8_2016_154743_46686928
0.01;0.65;0.5;2;0.35;200;0.333333;haplodiploid;1000;madumnal;20000;100311906;1;2;1472654859;0.02;19997.0;3.010882;0.0032973;2.588158;0.004798682;201540.2;201863.4;0.033952;./core_132/sim_sa_sexbias_31_8_2016_154739_72367276
0.01;0.65;0.5;2;0.35;200;0.333333;diploid;1000;madumnal;20000;955689665;1;2;1472654857;0.02;19997.0;2.958282;0.003025676;2.608884;0.001837008;191200.2;191318.8;0.033844;./core_133/sim_sa_sexbias_31_8_2016_154737_919009038
0.01;0.65;0.5;2;0.35;200;0.333333;haplodiploid;1000;padumnal;20000;60565762;1;2;1472654858;0.02;19997.0;2.74862;0.002503812;2.576474;0.003338274;153975.6;153544.2;0.034088;./core_134/sim_sa_sexbias_31_8_2016_154738_31495699
0.01;0.65;0.5;2;0.35;200;0.333333;diploid;1000;padumnal;20000;379537979;1;2;1472654864;0.02;19997.0;2.744112;0.002315702;2.561318;0.002584486;152707.6;152710.0;0.031868;./core_135/sim_sa_sexbias_31_8_2016_154744_266322042
0.01;0.65;0.5;2;0.35;200;0.333333;haplodiploid;1000;maternal;20000;877428844;1;2;1472654863;0.02;19997.0;3.467978;0.004660482;2.61224;0.002398242;308826.4;308363.6;0.050992;./core_136/sim_sa_sexbias_31_8_2016_154743_645861016
0.01;0.65;0.5;2;0.35;200;0.333333;diploid;1000;maternal;20000;522635608;1;2;1472654864;0.02;19997.0;3.527348;0.01140574;2.64568;0.00490557;324747.2;324392.8;0.057028;./core_137/sim_sa_sexbias_31_8_2016_154744_473346291
0.01;0.65;0.5;2;0.35;200;0.333333;haplodiploid;1000;paternal;20000;205618097;1;2;1472654858;0.02;19997.0;2.778186;0.003006344;2.63104;0.003122424;158898.0;158369.4;0.031988;./core_138/sim_sa_sexbias_31_8_2016_154738_173940684
0.01;0.65;0.5;2;0.35;200;0.333333;diploid;1000;paternal;20000;397916866;1;2;1472654858;0.02;19997.0;2.846704;0.005112076;2.557844;0.01022202;170506.0;170307.2;0.031924;./core_139/sim_sa_sexbias_31_8_2016_154738_365206587
0.01;0.7;0.5;2;0.3;200;0.333333;haplodiploid;1000;offspring;20000;155713827;1;2;1472654857;0.02;19997.0;2.878474;0.005631906;2.56368;0.003030332;176467.2;176500.6;0.032052;./core_140/sim_sa_sexbias_31_8_2016_154737_133135886
0.01;0.7;0.5;2;0.3;200;0.333333;diploid;1000;offspring;20000;792347898;1;2;1472654857;0.02;19997.0;2.831834;0.004509454;2.56031;0.00306707;168165.0;168203.4;0.032032;./core_141/sim_sa_sexbias_31_8_2016_154737_746176468
0.01;0.7;0.5;2;0.3;200;0.333333;haplodiploid;1000;madumnal;20000;193913305;1;2;1472654864;0.02;19997.0;3.051414;0.006364022;2.551402;0.003181522;209559.2;209772.0;0.032048;./core_142/sim_sa_sexbias_31_8_2016_154743_956371819
0.01;0.7;0.5;2;0.3;200;0.333333;diploid;1000;madumnal;20000;161234014;1;2;1472654863;0.02;19997.0;2.998662;0.003492434;2.54262;0.001869924;199676.0;199506.6;0.032;./core_143/sim_sa_sexbias_31_8_2016_154743_44687744
0.01;0.7;0.5;2;0.3;200;0.333333;haplodiploid;1000;padumnal;20000;401096975;1;2;1472654863;0.02;19997.0;2.763564;0.004585216;2.609514;0.003621492;156029.2;156024.0;0.032024;./core_144/sim_sa_sexbias_31_8_2016_154743_323340829
0.01;0.7;0.5;2;0.3;200;0.333333;diploid;1000;padumnal;20000;178120283;1;2;1472654860;0.02;19997.0;2.732434;0.004827288;2.525028;0.001833776;150669.2;150632.8;0.032044;./core_145/sim_sa_sexbias_31_8_2016_154740_123986819
0.01;0.7;0.5;2;0.3;200;0.333333;haplodiploid;1000;maternal;20000;109642588;1;2;1472654864;0.02;19997.0;3.482822;0.004686754;2.566336;0.00460668;312838.4;312799.4;0.059484;./core_146/sim_sa_sexbias_31_8_2016_154743_935320800
0.01;0.7;0.5;2;0.3;200;0.333333;diploid;1000;maternal;20000;403746281;1;2;1472654860;0.02;19997.0;3.495654;0.0112517;2.596456;0.002851512;314652.2;314425.6;0.059528;./core_147/sim_sa_sexbias_31_8_2016_154740_381232220
0.01;0.7;0.5;2;0.3;200;0.333333;haplodiploid;1000;paternal;20000;967963287;1;2;1472654862;0.02;19997.0;2.769392;0.003749674;2.561258;0.005513986;157038.0;157094.0;0.031968;./core_148/sim_sa_sexbias_31_8_2016_154742_895482441
0.01;0.7;0.5;2;0.3;200;0.333333;diploid;1000;paternal;20000;111610379;1;2;1472654860;0.02;19997.0;2.824316;0.00553783;2.608486;0.002858032;166576.0;166849.2;0.0321;./core_149/sim_sa_sexbias_31_8_2016_154740_89062317
0.01;0.75;0.5;2;0.25;200;0.333333;haplodiploid;1000;offspring;20000;120189659;1;2;1472654858;0.02;19997.0;2.864708;0.002657154;2.5302;0.002590922;173905.0;174188.4;0.031588;./core_150/sim_sa_sexbias_31_8_2016_154738_105740453
0.01;0.75;0.5;2;0.25;200;0.333333;diploid;1000;offspring;20000;574872069;1;2;1472654859;0.02;19997.0;2.869276;0.002988848;2.482504;0.002512736;174817.6;174957.8;0.03158;./core_151/sim_sa_sexbias_31_8_2016_154739_566194359
0.01;0.75;0.5;2;0.25;200;0.333333;haplodiploid;1000;madumnal;20000;685160705;1;2;1472654858;0.02;19997.0;2.993364;0.002147072;2.552378;0.001734514;198545.2;198297.4;0.031588;./core_152/sim_sa_sexbias_31_8_2016_154738_670365016
0.01;0.75;0.5;2;0.25;200;0.333333;diploid;1000;madumnal;20000;60634064;1;2;1472654858;0.02;19997.0;2.940472;0.00248924;2.543502;0.002434188;187812.6;188263.6;0.031596;./core_153/sim_sa_sexbias_31_8_2016_154738_31415329
0.01;0.75;0.5;2;0.25;200;0.333333;haplodiploid;1000;padumnal;20000;379659397;1;2;1472654864;0.02;19997.0;2.741572;0.003260366;2.589398;0.004310788;152628.2;152266.8;0.031592;./core_154/sim_sa_sexbias_31_8_2016_154744_266394123
0.01;0.75;0.5;2;0.25;200;0.333333;diploid;1000;padumnal;20000;263446777;1;2;1472654863;0.02;19997.0;2.641314;0.00287902;2.54368;0.002272912;136236.0;136409.2;0.031604;./core_155/sim_sa_sexbias_31_8_2016_154743_100494180
0.01;0.75;0.5;2;0.25;200;0.333333;haplodiploid;1000;maternal;20000;398798897;1;2;1472654864;0.02;19997.0;3.527838;0.004414462;2.581988;0.004991102;324878.6;325337.6;0.063168;./core_156/sim_sa_sexbias_31_8_2016_154744_306083373
0.01;0.75;0.5;2;0.25;200;0.333333;diploid;1000;maternal;20000;275072283;1;2;1472654859;0.02;19997.0;3.69133;0.004206334;2.556914;0.007546986;372299.6;372141.6;0.063484;./core_157/sim_sa_sexbias_31_8_2016_154739_258317402
0.01;0.75;0.5;2;0.25;200;0.333333;haplodiploid;1000;paternal;20000;789623668;1;2;1472654859;0.02;19997.0;2.725248;0.004994296;2.558432;0.00299667;149493.0;149818.2;0.031612;./core_158/sim_sa_sexbias_31_8_2016_154739_775237689
0.01;0.75;0.5;2;0.25;200;0.333333;diploid;1000;paternal;20000;681402695;1;2;1472654857;0.02;19997.0;2.789028;0.006584824;2.542042;0.002920584;160522.4;160449.6;0.031576;./core_159/sim_sa_sexbias_31_8_2016_154737_659599737
0.01;0.8;0.5;2;0.2;200;0.333333;haplodiploid;1000;offspring;20000;58670052;1;2;1472654859;0.02;19997.0;2.769478;0.005313102;2.557714;0.002450896;157221.4;157216.6;0.031148;./core_160/sim_sa_sexbias_31_8_2016_154739_49474658
0.01;0.8;0.5;2;0.2;200;0.333333;diploid;1000;offspring;20000;58500629;1;2;1472654859;0.02;19997.0;2.833348;0.001531164;2.507582;0.002180802;168453.8;168444.8;0.031148;./core_161/sim_sa_sexbias_31_8_2016_154739_42596332
0.01;0.8;0.5;2;0.2;200;0.333333;haplodiploid;1000;madumnal;20000;597622817;1;2;1472654858;0.02;19997.0;2.998336;0.004751326;2.544232;0.001832456;199203.0;199051.6;0.03152;./core_162/sim_sa_sexbias_31_8_2016_154738_580928115
0.01;0.8;0.5;2;0.2;200;0.333333;diploid;1000;madumnal;20000;173384736;1;2;1472654864;0.02;19997.0;3.016894;0.002761448;2.535676;0.001105762;203010.2;202765.4;0.033572;./core_163/sim_sa_sexbias_31_8_2016_154743_956329449
0.01;0.8;0.5;2;0.2;200;0.333333;haplodiploid;1000;padumnal;20000;181974733;1;2;1472654863;0.02;19997.0;2.751788;0.008460856;2.573068;0.003107316;153781.2;153564.2;0.031128;./core_164/sim_sa_sexbias_31_8_2016_154743_44859070
0.01;0.8;0.5;2;0.2;200;0.333333;diploid;1000;padumnal;20000;296356338;1;2;1472654859;0.02;19997.0;2.62101;0.002355034;2.535136;0.0018895;133025.2;133173.2;0.031112;./core_165/sim_sa_sexbias_31_8_2016_154739_287588924
0.01;0.8;0.5;2;0.2;200;0.333333;haplodiploid;1000;maternal;20000;464618437;1;2;1472654863;0.02;19997.0;3.654442;0.005701306;2.4777;0.00998256;360897.4;360916.2;0.065276;./core_166/sim_sa_sexbias_31_8_2016_154743_324186099
0.01;0.8;0.5;2;0.2;200;0.333333;diploid;1000;maternal;20000;444522654;1;2;1472654860;0.02;19997.0;3.828844;0.006309458;2.519918;0.004505176;415483.2;415328.4;0.065276;./core_167/sim_sa_sexbias_31_8_2016_154740_429607264
0.01;0.8;0.5;2;0.2;200;0.333333;haplodiploid;1000;paternal;20000;69276378;1;2;1472654864;0.02;19997.0;2.668122;0.004229444;2.5282;0.003276252;140458.4;140201.2;0.031056;./core_168/sim_sa_sexbias_31_8_2016_154743_935042587
0.01;0.8;0.5;2;0.2;200;0.333333;diploid;1000;paternal;20000;403945566;1;2;1472654860;0.02;19997.0;2.717714;0.004338386;2.538398;0.004105778;148487.8;148701.0;0.03116;./core_169/sim_sa_sexbias_31_8_2016_154740_381250265
0.01;0.85;0.5;2;0.15;200;0.333333;haplodiploid;1000;offspring;20000;244965564;1;2;1472654863;0.02;19997.0;2.833222;0.004367182;2.570076;0.002789546;168291.8;168324.2;0.028196;./core_170/sim_sa_sexbias_31_8_2016_154743_49010812
0.01;0.85;0.5;2;0.15;200;0.333333;diploid;1000;offspring;20000;41152445;1;2;1472654860;0.02;19997.0;2.774112;0.007984324;2.53279;0.002693318;157792.4;157982.8;0.028184;./core_171/sim_sa_sexbias_31_8_2016_154740_28977941
0.01;0.85;0.5;2;0.15;200;0.333333;haplodiploid;1000;madumnal;20000;82648455;1;2;1472654860;0.02;19997.0;3.02983;0.003736922;2.476458;0.002209154;205439.4;205552.8;0.032492;./core_172/sim_sa_sexbias_31_8_2016_154740_67910654
0.01;0.85;0.5;2;0.15;200;0.333333;diploid;1000;madumnal;20000;832891250;1;2;1472654858;0.02;19997.0;2.991116;0.00180228;2.497208;0.002279224;198074.6;197744.6;0.03044;./core_173/sim_sa_sexbias_31_8_2016_154738_818278219
0.01;0.85;0.5;2;0.15;200;0.333333;haplodiploid;1000;padumnal;20000;598867334;1;2;1472654860;0.02;19997.0;2.702636;0.003387426;2.534302;0.0023429;145886.4;146073.2;0.028168;./core_174/sim_sa_sexbias_31_8_2016_154740_581620762
0.01;0.85;0.5;2;0.15;200;0.333333;diploid;1000;padumnal;20000;920130525;1;2;1472654859;0.02;19997.0;2.562218;0.003310424;2.490016;0.002481638;124249.6;124404.6;0.028172;./core_175/sim_sa_sexbias_31_8_2016_154739_906500844
0.01;0.85;0.5;2;0.15;200;0.333333;haplodiploid;1000;maternal;20000;255020386;1;2;1472654859;0.02;19997.0;3.928782;0.01583176;2.479978;0.01055488;448378.0;448534.8;0.061184;./core_176/sim_sa_sexbias_31_8_2016_154739_238380124
0.01;0.85;0.5;2;0.15;200;0.333333;diploid;1000;maternal;20000;379565720;1;2;1472654864;0.02;19997.0;3.87015;0.005911842;2.569596;0.0030035;429133.6;429108.8;0.059132;./core_177/sim_sa_sexbias_31_8_2016_154744_266388312
0.01;0.85;0.5;2;0.15;200;0.333333;haplodiploid;1000;paternal;20000;776686652;1;2;1472654863;0.02;19997.0;2.683006;0.002379542;2.51271;0.005042476;143027.0;142996.2;0.02816;./core_178/sim_sa_sexbias_31_8_2016_154743_641171635
0.01;0.85;0.5;2;0.15;200;0.333333;diploid;1000;paternal;20000;178447246;1;2;1472654860;0.02;19997.0;2.684936;0.00455578;2.574646;0.005332572;143014.4;143495.6;0.028172;./core_179/sim_sa_sexbias_31_8_2016_154740_137058793
0.01;0.9;0.5;2;0.1;200;0.333333;haplodiploid;1000;offspring;20000;578405633;1;2;1472654864;0.02;19997.0;2.740592;0.00417744;2.563072;0.004354692;152386.8;152214.6;0.02976;./core_180/sim_sa_sexbias_31_8_2016_154744_578055565
0.01;0.9;0.5;2;0.1;200;0.333333;diploid;1000;offspring;20000;860088242;1;2;1472654860;0.02;19997.0;2.780236;0.002301852;2.492554;0.003232968;159285.2;159116.6;0.029732;./core_181/sim_sa_sexbias_31_8_2016_154740_845520336
0.01;0.9;0.5;2;0.1;200;0.333333;haplodiploid;1000;madumnal;20000;685231181;1;2;1472654858;0.02;19997.0;3.022636;0.002300584;2.550852;0.00207865;204470.0;204513.0;0.029824;./core_182/sim_sa_sexbias_31_8_2016_154738_670729667
0.01;0.9;0.5;2;0.1;200;0.333333;diploid;1000;madumnal;20000;447423379;1;2;1472654859;0.02;19997.0;3.00567;0.003177184;2.486848;0.001558356;200312.4;200550.4;0.03336;./core_183/sim_sa_sexbias_31_8_2016_154739_428086946
0.01;0.9;0.5;2;0.1;200;0.333333;haplodiploid;1000;padumnal;20000;41144517;1;2;1472654860;0.02;19997.0;2.65673;0.003760488;2.488016;0.00317718;138886.4;138549.6;0.029732;./core_184/sim_sa_sexbias_31_8_2016_154740_23196210
0.01;0.9;0.5;2;0.1;200;0.333333;diploid;1000;padumnal;20000;339352751;1;2;1472654859;0.02;19997.0;2.568854;0.002652344;2.516756;0.002184898;125449.2;125338.6;0.02974;./core_185/sim_sa_sexbias_31_8_2016_154739_322935792
0.01;0.9;0.5;2;0.1;200;0.333333;haplodiploid;1000;maternal;20000;551814983;1;2;1472654859;0.02;19997.0;4.032504;0.00895864;2.44413;0.004881586;484611.2;485023.8;0.088208;./core_186/sim_sa_sexbias_31_8_2016_154739_542581672
0.01;0.9;0.5;2;0.1;200;0.333333;diploid;1000;maternal;20000;383178286;1;2;1472654860;0.02;19997.0;3.986584;0.002013452;2.528416;0.005372932;468717.8;468984.8;0.065556;./core_187/sim_sa_sexbias_31_8_2016_154740_369147802
0.01;0.9;0.5;2;0.1;200;0.333333;haplodiploid;1000;paternal;20000;150522639;1;2;1472654864;0.02;19997.0;2.639254;0.002241412;2.581148;0.002001134;136180.2;136208.8;0.029676;./core_188/sim_sa_sexbias_31_8_2016_154743_956149028
0.01;0.9;0.5;2;0.1;200;0.333333;diploid;1000;paternal;20000;95722956;1;2;1472654863;0.02;19997.0;2.68579;0.004696946;2.566528;0.001901848;143240.6;143373.4;0.029716;./core_189/sim_sa_sexbias_31_8_2016_154743_44260989
0.01;0.95;0.5;2;0.05;200;0.333333;haplodiploid;1000;offspring;20000;919711689;1;2;1472654859;0.02;19997.0;2.721592;0.010159092;2.525778;0.003538042;149213.8;148877.0;0.026872;./core_190/sim_sa_sexbias_31_8_2016_154739_906913537
0.01;0.95;0.5;2;0.05;200;0.333333;diploid;1000;offspring;20000;488707271;1;2;1472654860;0.02;19997.0;2.653104;0.002496;2.487138;0.0021177;138331.4;138472.0;0.026864;./core_191/sim_sa_sexbias_31_8_2016_154740_473699326
0.01;0.95;0.5;2;0.05;200;0.333333;haplodiploid;1000;madumnal;20000;588548419;1;2;1472654863;0.02;19997.0;2.97218;0.004070766;2.550468;0.002304268;194458.6;193778.0;0.033128;./core_192/sim_sa_sexbias_31_8_2016_154743_511346647
0.01;0.95;0.5;2;0.05;200;0.333333;diploid;1000;madumnal;20000;69314844;1;2;1472654864;0.02;19997.0;2.921936;0.003412514;2.537752;0.002214096;183923.2;184153.8;0.027684;./core_193/sim_sa_sexbias_31_8_2016_154743_935043294
0.01;0.95;0.5;2;0.05;200;0.333333;haplodiploid;1000;padumnal;20000;551009205;1;2;1472654860;0.02;19997.0;2.562652;0.002539644;2.488786;0.0021057;124705.0;124545.8;0.026864;./core_194/sim_sa_sexbias_31_8_2016_154740_536917087
0.01;0.95;0.5;2;0.05;200;0.333333;diploid;1000;padumnal;20000;184318965;1;2;1472654863;0.02;19997.0;2.486954;0.003639028;2.541336;0.002286528;113793.0;113843.8;0.02686;./core_195/sim_sa_sexbias_31_8_2016_154743_45554966
0.01;0.95;0.5;2;0.05;200;0.333333;haplodiploid;1000;maternal;20000;316208871;1;2;1472654860;0.02;19997.0;4.347188;0.01195494;2.481156;0.01194188;608267.0;607950.0;0.088356;./core_196/sim_sa_sexbias_31_8_2016_154740_298522253
0.01;0.95;0.5;2;0.05;200;0.333333;diploid;1000;maternal;20000;597883979;1;2;1472654860;0.02;19997.0;4.218158;0.01368978;2.535378;0.004179826;554048.8;553893.8;0.088488;./core_197/sim_sa_sexbias_31_8_2016_154740_579745330
0.01;0.95;0.5;2;0.05;200;0.333333;haplodiploid;1000;paternal;20000;920229787;1;2;1472654859;0.02;19997.0;2.537258;0.0033451;2.572712;0.00190269;121023.6;121031.0;0.02686;./core_198/sim_sa_sexbias_31_8_2016_154739_905177752
0.01;0.95;0.5;2;0.05;200;0.333333;diploid;1000;paternal;20000;910376665;1;2;1472654860;0.02;19997.0;2.525806;0.003777188;2.553306;0.00649874;119374.6;119393.0;0.026868;./core_199/sim_sa_sexbias_31_8_2016_154740_889178052
0.01;1;0.5;2;0;200;0.333333;haplodiploid;1000;offspring;20000;425040154;1;2;1472654860;0.02;19997.0;2.723382;0.003918616;2.533432;0.003343774;149319.6;149822.2;0.024412;./core_200/sim_sa_sexbias_31_8_2016_154740_389542802
0.01;1;0.5;2;0;200;0.333333;diploid;1000;offspring;20000;357745207;1;2;1472654860;0.02;19997.0;2.604138;0.00353345;2.580092;0.004671584;130581.6;130876.2;0.0244;./core_201/sim_sa_sexbias_31_8_2016_154740_344253341
0.01;1;0.5;2;0;200;0.333333;haplodiploid;1000;madumnal;20000;359159129;1;2;1472654864;0.02;19997.0;2.93266;0.00414089;2.495296;0.003777426;186754.2;186334.4;0.031576;./core_202/sim_sa_sexbias_31_8_2016_154744_265918541
0.01;1;0.5;2;0;200;0.333333;diploid;1000;madumnal;20000;838624893;1;2;1472654863;0.02;19997.0;2.90816;0.002224154;2.545786;0.003819258;181790.8;181827.4;0.03294;./core_203/sim_sa_sexbias_31_8_2016_154743_643168136
0.01;1;0.5;2;0;200;0.333333;haplodiploid;1000;padumnal;20000;595109698;1;2;1472654864;0.02;19997.0;2.480272;0.003278406;2.52763;0.004026544;112678.2;113151.8;0.024436;./core_204/sim_sa_sexbias_31_8_2016_154744_594787413
0.01;1;0.5;2;0;200;0.333333;diploid;1000;padumnal;20000;755283504;1;2;1472654860;0.02;19997.0;2.420408;0.003000616;2.565304;0.002701742;104897.0;104895.0;0.024452;./core_205/sim_sa_sexbias_31_8_2016_154740_741045629
0.01;1;0.5;2;0;200;0.333333;haplodiploid;1000;maternal;20000;860204253;1;2;1472654860;0.02;19997.0;4.367646;0.007050396;2.453038;0.005572688;616887.4;616315.8;0.08438;./core_206/sim_sa_sexbias_31_8_2016_154740_845651167
0.01;1;0.5;2;0;200;0.333333;diploid;1000;maternal;20000;747635979;1;2;1472654859;0.02;19997.0;4.264436;0.007681298;2.52547;0.006236034;573377.8;573090.0;0.08224;./core_207/sim_sa_sexbias_31_8_2016_154739_726983433
0.01;1;0.5;2;0;200;0.333333;haplodiploid;1000;paternal;20000;42177611;1;2;1472654861;0.02;19997.0;2.519488;0.001998594;2.530222;0.001690636;118292.2;118498.0;0.024436;./core_208/sim_sa_sexbias_31_8_2016_154741_26633090
0.01;1;0.5;2;0;200;0.333333;diploid;1000;paternal;20000;356145138;1;2;1472654860;0.02;19997.0;2.442214;0.008093002;2.541748;0.004919454;107832.6;107492.8;0.024436;./core_209/sim_sa_sexbias_31_8_2016_154740_342559573
